{
  "accuracy": 0.9130434782608695,
  "precision": 0.8636363636363636,
  "recall": 0.95,
  "f1": 0.9047619047619048,
  "confusion": [
    [
      23,
      3
    ],
    [
      1,
      19
    ]
  ]
}